GEO.id,GEO.id2,GEO.display-label,popchg4201072016,natinc4201072016,births4201072016,deaths4201072016,netmig4201072016,intlmig4201072016,dommig4201072016,popchg20152016,natinc20152016,births20152016,deaths20152016,netmig20152016,intlmig20152016,dommig20152016
Id,Id2,Geography,"Cumulative Estimates of the Components of Population Change - April 1, 2010 to July 1, 2016 - Total Population Change [1]","Cumulative Estimates of the Components of Population Change - April 1, 2010 to July 1, 2016 - Natural Increase","Cumulative Estimates of the Components of Population Change - April 1, 2010 to July 1, 2016 - Vital Events - Births","Cumulative Estimates of the Components of Population Change - April 1, 2010 to July 1, 2016 - Vital Events - Deaths","Cumulative Estimates of the Components of Population Change - April 1, 2010 to July 1, 2016 - Net Migration - Total","Cumulative Estimates of the Components of Population Change - April 1, 2010 to July 1, 2016 - Net Migration - International [2]","Cumulative Estimates of the Components of Population Change - April 1, 2010 to July 1, 2016 - Net Migration - Domestic","Annual Estimates of the Components of Population Change - July 1, 2015 to July 1, 2016 - Total Population Change [1]","Annual Estimates of the Components of Population Change - July 1, 2015 to July 1, 2016 - Natural Increase","Annual Estimates of the Components of Population Change - July 1, 2015 to July 1, 2016 - Vital Events - Births","Annual Estimates of the Components of Population Change - July 1, 2015 to July 1, 2016 - Vital Events - Deaths","Annual Estimates of the Components of Population Change - July 1, 2015 to July 1, 2016 - Net Migration - Total","Annual Estimates of the Components of Population Change - July 1, 2015 to July 1, 2016 - Net Migration - International [2]","Annual Estimates of the Components of Population Change - July 1, 2015 to July 1, 2016 - Net Migration - Domestic"
310M300US10180,10180,"Abilene, TX Metro Area",5112,4575,14808,10233,522,2490,-1968,471,690,2445,1755,-218,381,-599
310M300US10420,10420,"Akron, OH Metro Area",-982,4112,47673,43561,-3839,8021,-11860,-1137,448,7641,7193,-1106,1364,-2470
310M300US10500,10500,"Albany, GA Metro Area",-5281,4358,13277,8919,-9768,672,-10440,-1289,422,1937,1515,-1787,100,-1887
310M300US10540,10540,"Albany, OR Metro Area",6177,1559,9006,7447,4360,74,4286,2405,146,1436,1290,2138,12,2126
310M300US10580,10580,"Albany-Schenectady-Troy, NY Metro Area",11147,9012,57223,48211,3810,15557,-11747,1036,1100,9158,8058,398,2595,-2197
310M300US10740,10740,"Albuquerque, NM Metro Area",22826,22961,66702,43741,-80,6355,-6435,4732,2670,10272,7602,2028,1065,963
310M300US10780,10780,"Alexandria, LA Metro Area",867,3052,13061,10009,-2028,870,-2898,127,531,2152,1621,-337,142,-479
310M300US10900,10900,"Allentown-Bethlehem-Easton, PA-NJ Metro Area",14386,4382,53935,49553,10342,17256,-6914,2603,524,8556,8032,2465,3100,-635
310M300US11020,11020,"Altoona, PA Metro Area",-2426,-1538,8435,9973,-1039,213,-1252,-856,-386,1287,1673,-437,36,-473
310M300US11100,11100,"Amarillo, TX Metro Area",11409,9529,23842,14313,1719,4889,-3170,1729,1465,3789,2324,255,882,-627
310M300US11180,11180,"Ames, IA Metro Area",7548,2806,5828,3022,4858,4836,22,744,384,886,502,403,875,-472
310M300US11260,11260,"Anchorage, AK Metro Area",21736,24522,37941,13419,-2706,7783,-10489,3125,3727,6074,2347,-551,1131,-1682
310M300US11460,11460,"Ann Arbor, MI Metro Area",19643,9847,23359,13512,9891,12661,-2770,3862,1386,3709,2323,2504,2195,309
310M300US11500,11500,"Anniston-Oxford-Jacksonville, AL Metro Area",-3975,-456,8211,8667,-3373,214,-3587,-674,-204,1237,1441,-435,27,-462
310M300US11540,11540,"Appleton, WI Metro Area",8413,7692,17792,10100,722,1188,-466,1023,1117,2822,1705,-52,214,-266
310M300US11700,11700,"Asheville, NC Metro Area",27466,-1922,27684,29606,28029,1319,26710,6181,-567,4510,5077,6525,226,6299
310M300US12020,12020,"Athens-Clarke County, GA Metro Area",12749,5591,13898,8307,6884,2827,4057,2468,836,2226,1390,1640,493,1147
310M300US12060,12060,"Atlanta-Sandy Springs-Roswell, GA Metro Area",502975,241489,455443,213954,257589,104223,153366,90650,35611,73772,38161,54441,17796,36645
310M300US12100,12100,"Atlantic City-Hammonton, NJ Metro Area",-3549,3782,20046,16264,-7210,9198,-16408,-2044,240,3019,2779,-2200,1518,-3718
310M300US12220,12220,"Auburn-Opelika, AL Metro Area",18695,4929,11163,6234,13421,3544,9877,2224,848,1904,1056,1342,573,769
310M300US12260,12260,"Augusta-Richmond County, GA-SC Metro Area",30046,13872,46349,32477,15493,5722,9771,4872,1924,7494,5570,2913,826,2087
310M300US12420,12420,"Austin-Round Rock, TX Metro Area",340085,104865,161908,57043,229967,37592,192375,58301,17071,27375,10304,40273,6878,33395
310M300US12540,12540,"Bakersfield, CA Metro Area",45161,53597,89042,35445,-7445,9557,-17002,5291,8079,14173,6094,-2508,1720,-4228
310M300US12580,12580,"Baltimore-Columbia-Towson, MD Metro Area",88303,63167,211423,148256,28008,54506,-26498,5049,8265,33978,25713,-2461,8801,-11262
310M300US12620,12620,"Bangor, ME Metro Area",-2114,-409,9058,9467,-1668,778,-2446,-672,-197,1380,1577,-356,132,-488
310M300US12700,12700,"Barnstable Town, MA Metro Area",-1592,-8019,9771,17790,6338,2310,4028,-345,-1402,1506,2908,1136,391,745
310M300US12940,12940,"Baton Rouge, LA Metro Area",32675,27709,69142,41433,5190,7503,-2313,5434,4129,11167,7038,1538,1259,279
310M300US12980,12980,"Battle Creek, MI Metro Area",-1762,1300,10355,9055,-2917,1535,-4452,-61,233,1638,1405,-229,281,-510
310M300US13020,13020,"Bay City, MI Metro Area",-3024,-654,6654,7308,-2288,297,-2585,-810,-157,1011,1168,-580,49,-629
310M300US13140,13140,"Beaumont-Port Arthur, TX Metro Area",6774,9072,34427,25355,-1993,3373,-5366,1707,1481,5704,4223,333,615,-282
310M300US13220,13220,"Beckley, WV Metro Area",-3977,-1342,9098,10440,-2469,482,-2951,-1331,-435,1326,1761,-854,74,-928
310M300US13380,13380,"Bellingham, WA Metro Area",15660,4860,14362,9502,10642,2290,8352,4636,791,2371,1580,3702,397,3305
310M300US13460,13460,"Bend-Redmond, OR Metro Area",23574,2477,10916,8439,20568,-84,20652,6365,398,1853,1455,5698,3,5695
310M300US13740,13740,"Billings, MT Metro Area",10794,3660,13041,9381,7059,308,6751,1564,549,2096,1547,1002,44,958
310M300US13780,13780,"Binghamton, NY Metro Area",-7643,320,16150,15830,-7656,3456,-11112,-1785,-6,2600,2606,-1667,592,-2259
310M300US13820,13820,"Birmingham-Hoover, AL Metro Area",19361,19187,90968,71781,875,5997,-5122,2560,2403,14413,12010,420,1001,-581
310M300US13900,13900,"Bismarck, ND Metro Area",16857,5142,11442,6300,11335,213,11122,1918,960,2039,1079,915,39,876
310M300US13980,13980,"Blacksburg-Christiansburg-Radford, VA Metro Area",4619,1250,10507,9257,3580,4672,-1092,1175,213,1688,1475,1031,814,217
310M300US14010,14010,"Bloomington, IL Metro Area",2511,5827,14093,8266,-3192,3635,-6827,-289,720,2135,1415,-946,620,-1566
310M300US14020,14020,"Bloomington, IN Metro Area",6794,2635,9506,6871,4243,5891,-1648,1270,381,1513,1132,933,1021,-88
310M300US14100,14100,"Bloomsburg-Berwick, PA Metro Area",-800,-412,5193,5605,-404,563,-967,-181,-111,820,931,-31,81,-112
310M300US14260,14260,"Boise City, ID Metro Area",74862,26988,53837,26849,46396,4713,41683,15646,4157,8753,4596,10757,807,9950
310M300US14460,14460,"Boston-Cambridge-Newton, MA-NH Metro Area",241852,103093,323794,220701,145718,182201,-36483,27692,14318,51964,37646,14731,31489,-16758
310M300US14500,14500,"Boulder, CO Metro Area",27655,7930,18373,10443,19518,5069,14449,3488,1051,2911,1860,2448,876,1572
310M300US14540,14540,"Bowling Green, KY Metro Area",12523,4179,12900,8721,8308,3225,5083,2502,712,2146,1434,1771,559,1212
310M300US14740,14740,"Bremerton-Silverdale, WA Metro Area",13674,5884,18934,13050,7185,2465,4720,4297,945,3240,2295,3187,314,2873
310M300US14860,14860,"Bridgeport-Stamford-Norwalk, CT Metro Area",27331,22618,63616,40998,6322,34293,-27971,-497,3250,10050,6800,-4002,5785,-9787
310M300US15180,15180,"Brownsville-Harlingen, TX Metro Area",15916,30383,46081,15698,-14858,3191,-18049,2242,4435,7147,2712,-2240,703,-2943
310M300US15260,15260,"Brunswick, GA Metro Area",4416,1316,8260,6944,2957,929,2028,762,115,1307,1192,609,173,436
310M300US15380,15380,"Buffalo-Cheektowaga-Niagara Falls, NY Metro Area",-2813,758,75964,75206,-800,21291,-22091,-2675,74,12241,12167,-2105,3684,-5789
310M300US15500,15500,"Burlington, NC Metro Area",8544,1304,11063,9759,7016,1056,5960,1831,150,1788,1638,1648,193,1455
310M300US15540,15540,"Burlington-South Burlington, VT Metro Area",6103,4729,14005,9276,1344,3636,-2292,92,735,2282,1547,-766,671,-1437
310M300US15680,15680,"California-Lexington Park, MD Metro Area",7439,4294,8985,4691,3010,1486,1524,959,657,1479,822,329,215,114
310M300US15940,15940,"Canton-Massillon, OH Metro Area",-3147,581,27717,27136,-2943,1070,-4013,-1374,116,4440,4324,-1161,171,-1332
310M300US15980,15980,"Cape Coral-Fort Myers, FL Metro Area",103582,-172,40165,40337,100863,17122,83741,22051,-658,6666,7324,20780,3011,17769
310M300US16020,16020,"Cape Girardeau, MO-IL Metro Area",1168,1196,7216,6020,-11,893,-904,-71,174,1126,952,-264,154,-418
310M300US16060,16060,"Carbondale-Marion, IL Metro Area",-150,1624,9209,7585,-1722,1806,-3528,-379,270,1510,1240,-592,307,-899
310M300US16180,16180,"Carson City, NV Metro Area",-532,-543,3572,4115,-152,-35,-117,337,-79,579,658,367,-1,368
310M300US16220,16220,"Casper, WY Metro Area",5589,2741,7111,4370,2815,240,2575,-1152,487,1216,729,-1612,40,-1652
310M300US16300,16300,"Cedar Rapids, IA Metro Area",9858,7286,20408,13122,2829,2156,673,1949,1126,3326,2200,941,384,557
310M300US16540,16540,"Chambersburg-Waynesboro, PA Metro Area",4233,2205,11289,9084,1956,1501,455,556,153,1755,1602,442,275,167
310M300US16580,16580,"Champaign-Urbana, IL Metro Area",6665,6799,16978,10179,-59,10669,-10728,714,1038,2751,1713,-236,1802,-2038
310M300US16620,16620,"Charleston, WV Metro Area",-9155,-2155,15773,17928,-6521,672,-7193,-2459,-509,2410,2919,-1801,118,-1919
310M300US16700,16700,"Charleston-North Charleston, SC Metro Area",96511,25087,58006,32919,68200,6348,61852,16552,3710,9662,5952,12377,906,11471
310M300US16740,16740,"Charlotte-Concord-Gastonia, NC-SC Metro Area",257340,77642,185968,108326,175616,32743,142873,49671,12048,30815,18767,37429,5748,31681
310M300US16820,16820,"Charlottesville, VA Metro Area",12642,4386,15203,10817,7943,5018,2925,2372,646,2470,1824,1571,849,722
310M300US16860,16860,"Chattanooga, TN-GA Metro Area",23480,5938,39165,33227,17626,3376,14250,4625,640,6318,5678,4065,577,3488
310M300US16940,16940,"Cheyenne, WY Metro Area",6255,3044,7896,4852,3191,762,2429,953,402,1252,850,546,88,458
310M300US16980,16980,"Chicago-Naperville-Elgin, IL-IN-WI Metro Area",51449,321530,752946,431416,-260662,148505,-409167,-19570,44647,117773,73126,-63649,25898,-89547
310M300US17020,17020,"Chico, CA Metro Area",6864,1082,15302,14220,5611,1297,4314,1613,76,2520,2444,1529,228,1301
310M300US17140,17140,"Cincinnati, OH-KY-IN Metro Area",50388,52906,169405,116499,-517,22632,-23149,9747,7368,27134,19766,2742,3972,-1230
310M300US17300,17300,"Clarksville, TN-KY Metro Area",21714,19546,31466,11920,1602,7722,-6120,1361,3173,5205,2032,-1874,833,-2707
310M300US17420,17420,"Cleveland, TN Metro Area",5504,863,8311,7448,4482,781,3701,611,89,1338,1249,512,149,363
310M300US17460,17460,"Cleveland-Elyria, OH Metro Area",-21646,14105,145809,131704,-33855,24520,-58375,-4317,2115,23331,21216,-5707,4300,-10007
310M300US17660,17660,"Coeur d'Alene, ID Metro Area",15847,3080,10965,7885,12327,271,12056,3947,480,1834,1354,3169,46,3123
310M300US17780,17780,"College Station-Bryan, TX Metro Area",26260,11310,19615,8305,14655,8532,6123,4888,1955,3403,1448,2930,1514,1416
310M300US17820,17820,"Colorado Springs, CO Metro Area",66716,33243,59225,25982,32811,10637,22174,14708,5212,9813,4601,9442,1322,8120
310M300US17860,17860,"Columbia, MO Metro Area",13949,6873,13231,6358,6951,4180,2771,2048,1055,2119,1064,953,698,255
310M300US17900,17900,"Columbia, SC Metro Area",50011,18683,58904,40221,30743,9378,21365,7717,2537,9429,6892,5272,1372,3900
310M300US17980,17980,"Columbus, GA-AL Metro Area",13224,11933,28899,16966,752,6754,-6002,-3065,1507,4446,2939,-4563,787,-5350
310M300US18020,18020,"Columbus, IN Metro Area",4616,2048,6543,4495,2668,1721,947,391,353,1064,711,85,298,-213
310M300US18140,18140,"Columbus, OH Metro Area",139517,76009,169398,93389,64774,35607,29167,21376,11438,27625,16187,10629,6201,4428
310M300US18580,18580,"Corpus Christi, TX Metro Area",26538,15008,38393,23385,11640,4474,7166,1991,2550,6442,3892,-367,761,-1128
310M300US18700,18700,"Corvallis, OR Metro Area",3804,1116,4601,3485,2656,2779,-123,1114,176,757,581,953,500,453
310M300US18880,18880,"Crestview-Fort Walton Beach-Destin, FL Metro Area",31194,7617,21398,13781,22826,3719,19107,4919,1163,3618,2455,3532,427,3105
310M300US19060,19060,"Cumberland, MD-WV Metro Area",-3751,-1611,6089,7700,-1934,536,-2470,-403,-316,951,1267,-10,96,-106
310M300US19100,19100,"Dallas-Fort Worth-Arlington, TX Metro Area",807082,357825,611857,254032,444944,140476,304468,143435,56164,100965,44801,85856,25626,60230
310M300US19140,19140,"Dalton, GA Metro Area",1677,4762,11892,7130,-3030,506,-3536,452,669,1874,1205,-147,105,-252
310M300US19180,19180,"Danville, IL Metro Area",-3514,428,6364,5936,-3803,168,-3971,-879,-22,918,940,-860,26,-886
310M300US19300,19300,"Daphne-Fairhope-Foley, AL Metro Area",26298,1358,13682,12324,23779,1373,22406,4873,161,2274,2113,4289,243,4046
310M300US19340,19340,"Davenport-Moline-Rock Island, IA-IL Metro Area",2579,6936,29737,22801,-3855,3622,-7477,-1158,1046,4690,3644,-2026,652,-2678
310M300US19380,19380,"Dayton, OH Metro Area",1464,9057,59934,50877,-6559,9453,-16012,883,1184,9488,8304,217,1557,-1340
310M300US19460,19460,"Decatur, AL Metro Area",-1569,862,11037,10175,-2269,646,-2915,-264,58,1711,1653,-248,117,-365
310M300US19500,19500,"Decatur, IL Metro Area",-4218,971,8446,7475,-5016,518,-5534,-827,146,1317,1171,-934,92,-1026
310M300US19660,19660,"Deltona-Daytona Beach-Ormond Beach, FL Metro Area",47380,-13320,34662,47982,58804,8180,50624,14296,-2437,5714,8151,15419,1438,13981
310M300US19740,19740,"Denver-Aurora-Lakewood, CO Metro Area",309477,114694,218000,103306,191814,36967,154847,44261,17543,35834,18291,26923,6566,20357
310M300US19780,19780,"Des Moines-West Des Moines, IA Metro Area",65092,27916,54799,26883,36563,9697,26866,12145,4477,9081,4604,7598,1690,5908
310M300US19820,19820,"Detroit-Warren-Dearborn, MI Metro Area",1304,62557,314182,251625,-58684,71848,-130532,79,8733,50265,41532,-7636,12605,-20241
310M300US20020,20020,"Dothan, AL Metro Area",2191,992,11048,10056,1287,298,989,-337,44,1732,1688,-282,43,-325
310M300US20100,20100,"Dover, DE Metro Area",12478,4471,13743,9272,7638,2068,5570,1294,496,2147,1651,686,284,402
310M300US20220,20220,"Dubuque, IA Metro Area",3350,1988,7542,5554,1389,609,780,-31,337,1237,900,-342,111,-453
310M300US20260,20260,"Duluth, MN-WI Metro Area",-544,-74,17760,17834,56,1208,-1152,-154,-72,2777,2849,69,195,-126
310M300US20500,20500,"Durham-Chapel Hill, NC Metro Area",52889,18297,41185,22888,33387,13859,19528,8298,2671,6650,3979,5431,2425,3006
310M300US20700,20700,"East Stroudsburg, PA Metro Area",-3744,353,8892,8539,-3912,1929,-5841,-401,-100,1421,1521,-266,355,-621
310M300US20740,20740,"Eau Claire, WI Metro Area",5224,3494,11932,8438,1846,770,1076,960,507,1915,1408,538,151,387
310M300US20940,20940,"El Centro, CA Metro Area",6355,13430,19505,6075,-7347,1577,-8924,1077,2182,3201,1019,-1068,349,-1417
310M300US21060,21060,"Elizabethtown-Fort Knox, KY Metro Area",1187,4639,12533,7894,-3721,2461,-6182,1006,506,1821,1315,496,268,228
310M300US21140,21140,"Elkhart-Goshen, IN Metro Area",6220,9051,19060,10009,-2626,506,-3132,497,1506,3128,1622,-887,100,-987
310M300US21300,21300,"Elmira, NY Metro Area",-2520,383,6200,5817,-2771,558,-3329,-798,5,955,950,-748,98,-846
310M300US21340,21340,"El Paso, TX Metro Area",37848,54106,85419,31313,-16469,15805,-32274,4763,7925,13366,5441,-3038,2722,-5760
310M300US21420,21420,"Enid, OK Metro Area",2023,1806,6061,4255,306,1212,-906,-757,327,988,661,-1045,171,-1216
310M300US21500,21500,"Erie, PA Metro Area",-4357,2341,19902,17561,-6229,3859,-10088,-1845,299,3107,2808,-2005,779,-2784
310M300US21660,21660,"Eugene, OR Metro Area",17795,1627,22445,20818,15588,3762,11826,6919,330,3752,3422,6330,624,5706
310M300US21780,21780,"Evansville, IN-KY Metro Area",4396,3716,23474,19758,1069,1577,-508,235,403,3679,3276,-80,279,-359
310M300US21820,21820,"Fairbanks, AK Metro Area",3020,7741,10636,2895,-4733,2351,-7084,966,1205,1676,471,-214,325,-539
310M300US22020,22020,"Fargo, ND-MN Metro Area",29347,11526,20414,8888,17437,5005,12432,4482,2003,3510,1507,2493,878,1615
310M300US22140,22140,"Farmington, NM Metro Area",-14966,5650,11561,5911,-20770,185,-20955,-3622,677,1703,1026,-4299,42,-4341
310M300US22180,22180,"Fayetteville, NC Metro Area",14078,24447,41226,16779,-10770,12361,-23131,1967,3458,6354,2896,-1398,1512,-2910
310M300US22220,22220,"Fayetteville-Springdale-Rogers, AR-MO Metro Area",61822,22715,44433,21718,38174,7597,30577,11583,3660,7266,3606,7845,1281,6564
310M300US22380,22380,"Flagstaff, AZ Metro Area",6471,5858,10636,4778,556,939,-383,1832,814,1683,869,1034,171,863
310M300US22420,22420,"Flint, MI Metro Area",-17175,3846,31085,27239,-20784,1336,-22120,-1827,321,4831,4510,-1897,218,-2115
310M300US22500,22500,"Florence, SC Metro Area",405,1733,15999,14266,-1189,542,-1731,-365,172,2512,2340,-536,89,-625
310M300US22520,22520,"Florence-Muscle Shoals, AL Metro Area",-603,-1435,9593,11028,1040,395,645,-238,-238,1522,1760,92,61,31
310M300US22540,22540,"Fond du Lac, WI Metro Area",514,1082,6851,5769,-416,849,-1265,201,170,1050,880,83,158,-75
310M300US22660,22660,"Fort Collins, CO Metro Area",40364,8881,21461,12580,30319,3042,27277,6124,1409,3591,2182,4588,560,4028
310M300US22900,22900,"Fort Smith, AR-OK Metro Area",680,3676,22052,18376,-2895,1725,-4620,782,585,3662,3077,300,346,-46
310M300US23060,23060,"Fort Wayne, IN Metro Area",15548,15064,37239,22175,958,5028,-4070,2430,2367,6001,3634,287,852,-565
310M300US23420,23420,"Fresno, CA Metro Area",49424,58726,99284,40558,-9483,9095,-18578,7785,8718,15767,7049,-922,1721,-2643
310M300US23460,23460,"Gadsden, AL Metro Area",-1863,-1400,7290,8690,-340,172,-512,-309,-349,1148,1497,71,27,44
310M300US23540,23540,"Gainesville, FL Metro Area",16434,6802,19212,12410,9284,7427,1857,4125,971,3120,2149,3018,1227,1791
310M300US23580,23580,"Gainesville, GA Metro Area",16953,7578,15990,8412,9028,1232,7796,3380,1089,2622,1533,2207,219,1988
310M300US23900,23900,"Gettysburg, PA Metro Area",763,258,6268,6010,271,309,-38,117,5,997,992,117,49,68
310M300US24020,24020,"Glens Falls, NY Metro Area",-2575,-525,7459,7984,-1889,325,-2214,-415,-198,1123,1321,-222,59,-281
310M300US24140,24140,"Goldsboro, NC Metro Area",1512,3497,10594,7097,-1834,2177,-4011,-169,358,1633,1275,-451,322,-773
310M300US24220,24220,"Grand Forks, ND-MN Metro Area",4279,3723,8831,5108,517,1937,-1420,517,675,1503,828,-112,307,-419
310M300US24260,24260,"Grand Island, NE Metro Area",3298,2958,7625,4667,353,1839,-1486,375,522,1272,750,-142,308,-450
310M300US24300,24300,"Grand Junction, CO Metro Area",3366,2726,11423,8697,383,148,235,1682,332,1787,1455,1228,25,1203
310M300US24340,24340,"Grand Rapids-Wyoming, MI Metro Area",58159,38954,84889,45935,19433,10953,8480,8762,6040,13727,7687,3097,1968,1129
310M300US24420,24420,"Grants Pass, OR Metro Area",3191,-2026,5221,7247,5091,42,5049,1162,-262,885,1147,1377,13,1364
310M300US24500,24500,"Great Falls, MT Metro Area",431,2242,7312,5070,-1784,794,-2578,-363,311,1124,813,-624,70,-694
310M300US24540,24540,"Greeley, CO Metro Area",42101,14458,24362,9904,26711,1552,25159,9879,2381,4106,1725,7300,309,6991
310M300US24580,24580,"Green Bay, WI Metro Area",11995,9940,24644,14704,2153,2786,-633,1823,1507,3892,2385,367,533,-166
310M300US24660,24660,"Greensboro-High Point, NC Metro Area",32285,13163,53896,40733,19257,9951,9306,4363,1527,8558,7031,3024,1762,1262
310M300US24780,24780,"Greenville, NC Metro Area",9068,5833,13332,7499,3282,1591,1691,1038,803,2121,1318,257,282,-25
310M300US24860,24860,"Greenville-Anderson-Mauldin, SC Metro Area",60866,16170,65262,49092,43082,8096,34986,11744,2418,10744,8326,9089,1363,7726
310M300US25060,25060,"Gulfport-Biloxi-Pascagoula, MS Metro Area",20479,8399,30767,22368,11740,4578,7162,2705,1351,5016,3665,1314,597,717
310M300US25180,25180,"Hagerstown-Martinsburg, MD-WV Metro Area",12215,4280,19448,15168,7619,1822,5797,2612,573,3112,2539,1993,295,1698
310M300US25220,25220,"Hammond, LA Metro Area",9609,4539,11845,7306,4867,726,4141,1954,626,1909,1283,1247,132,1115
310M300US25260,25260,"Hanford-Corcoran, CA Metro Area",-3197,9942,14984,5042,-13302,1601,-14903,-546,1475,2324,849,-2000,224,-2224
310M300US25420,25420,"Harrisburg-Carlisle, PA Metro Area",18560,9538,41361,31823,9584,10150,-566,2937,1485,6734,5249,1604,1758,-154
310M300US25500,25500,"Harrisonburg, VA Metro Area",7605,2813,8762,5949,4418,2748,1670,1640,447,1449,1002,1185,476,709
310M300US25540,25540,"Hartford-West Hartford-East Hartford, CT Metro Area",-5561,10614,75283,64669,-14212,32768,-46980,-3117,1189,11863,10674,-4090,5549,-9639
310M300US25620,25620,"Hattiesburg, MS Metro Area",6281,4549,12322,7773,1526,965,561,422,628,1885,1257,-176,169,-345
310M300US25860,25860,"Hickory-Lenoir-Morganton, NC Metro Area",-1627,-572,23709,24281,-1168,2053,-3221,1304,-225,3817,4042,1643,380,1263
310M300US25940,25940,"Hilton Head Island-Bluffton-Beaufort, SC Metro Area",24604,4575,14956,10381,19160,3406,15754,3943,606,2424,1818,2941,372,2569
310M300US25980,25980,"Hinesville, GA Metro Area",3092,7834,10418,2584,-5137,3018,-8155,679,1163,1612,449,-488,332,-820
310M300US26140,26140,"Homosassa Springs, FL Metro Area",2385,-8772,6439,15211,10611,612,9999,2647,-1560,1017,2577,3802,105,3697
310M300US26300,26300,"Hot Springs, AR Metro Area",1482,-1572,6886,8458,3298,41,3257,323,-256,1068,1324,669,10,659
310M300US26380,26380,"Houma-Thibodaux, LA Metro Area",3349,6343,18102,11759,-2891,1485,-4376,-662,975,2925,1950,-1646,250,-1896
310M300US26420,26420,"Houston-The Woodlands-Sugar Land, TX Metro Area",851971,372983,599542,226559,476857,193618,283239,125005,61616,102152,40536,63090,35000,28090
310M300US26580,26580,"Huntington-Ashland, WV-KY-OH Metro Area",-5340,-317,25882,26199,-4440,829,-5269,-1769,-228,4052,4280,-1356,135,-1491
310M300US26620,26620,"Huntsville, AL Metro Area",32127,10066,32183,22117,21229,3806,17423,4796,1406,5262,3856,3363,620,2743
310M300US26820,26820,"Idaho Falls, ID Metro Area",9239,9347,15239,5892,-229,181,-410,2921,1432,2399,967,1426,36,1390
310M300US26900,26900,"Indianapolis-Carmel-Anderson, IN Metro Area",116148,69144,166419,97275,47319,25954,21365,17688,10461,26568,16107,6950,4441,2509
310M300US26980,26980,"Iowa City, IA Metro Area",16242,7432,13085,5653,8671,5703,2968,2010,1163,2124,961,881,1013,-132
310M300US27060,27060,"Ithaca, NY Metro Area",3277,1394,5511,4117,1891,6744,-4853,307,223,854,631,114,1153,-1039
310M300US27100,27100,"Jackson, MI Metro Area",-1788,1262,11280,10018,-2907,540,-3447,-1005,184,1808,1624,-1111,89,-1200
310M300US27140,27140,"Jackson, MS Metro Area",11584,15817,47379,31562,-4259,3073,-7332,563,2009,7363,5354,-1649,502,-2151
310M300US27180,27180,"Jackson, TN Metro Area",-491,2056,10095,8039,-2595,452,-3047,-61,254,1575,1321,-342,82,-424
310M300US27260,27260,"Jacksonville, FL Metro Area",132617,36989,111062,74073,92809,24572,68237,30196,5111,18248,13137,23686,3996,19690
310M300US27340,27340,"Jacksonville, NC Metro Area",9349,21019,26951,5932,-12254,8295,-20549,103,3144,4194,1050,-3192,598,-3790
310M300US27500,27500,"Janesville-Beloit, WI Metro Area",1289,3070,12087,9017,-1720,442,-2162,286,483,1923,1440,-92,107,-199
310M300US27620,27620,"Jefferson City, MO Metro Area",1586,3289,11179,7890,-1563,917,-2480,333,423,1750,1327,-56,156,-212
310M300US27740,27740,"Johnson City, TN Metro Area",2906,-1465,12631,14096,4190,729,3461,1054,-309,1990,2299,1391,141,1250
310M300US27780,27780,"Johnstown, PA Metro Area",-8942,-3046,8273,11319,-5721,336,-6057,-1462,-535,1259,1794,-834,56,-890
310M300US27860,27860,"Jonesboro, AR Metro Area",8832,3364,10979,7615,5348,913,4435,1468,560,1844,1284,923,164,759
310M300US27900,27900,"Joplin, MO Metro Area",2289,4175,15160,10985,-2018,1283,-3301,862,669,2374,1705,245,225,20
310M300US27980,27980,"Kahului-Wailuku-Lahaina, HI Metro Area",10549,5233,12468,7235,5314,4625,689,1117,604,1933,1329,536,798,-262
310M300US28020,28020,"Kalamazoo-Portage, MI Metro Area",10285,7960,25318,17358,2371,3713,-1342,1847,1089,4052,2963,808,653,155
310M300US28100,28100,"Kankakee, IL Metro Area",-3441,1585,8355,6770,-5018,655,-5673,-787,138,1278,1140,-871,122,-993
310M300US28140,28140,"Kansas City, MO-KS Metro Area",95171,70089,172705,102616,25967,20101,5866,20045,10327,27550,17223,10069,3376,6693
310M300US28420,28420,"Kennewick-Richland, WA Metro Area",30512,16187,26667,10480,13894,2574,11320,4684,2494,4336,1842,2230,523,1707
310M300US28660,28660,"Killeen-Temple, TX Metro Area",30547,30948,47390,16442,-1176,11852,-13028,5069,4692,7582,2890,133,1314,-1181
310M300US28700,28700,"Kingsport-Bristol-Bristol, TN-VA Metro Area",-3182,-5440,18529,23969,2513,319,2194,-381,-922,2910,3832,765,61,704
310M300US28740,28740,"Kingston, NY Metro Area",-3287,-286,9941,10227,-2758,2383,-5141,-599,-232,1491,1723,-232,407,-639
310M300US28940,28940,"Knoxville, TN Metro Area",30871,2800,58423,55623,27487,4428,23059,7377,252,9381,9129,7067,758,6309
310M300US29020,29020,"Kokomo, IN Metro Area",-184,426,6203,5777,-575,337,-912,-13,45,987,942,-4,49,-53
310M300US29100,29100,"La Crosse-Onalaska, WI-MN Metro Area",3271,1988,9106,7118,1235,502,733,106,305,1459,1154,-118,87,-205
310M300US29180,29180,"Lafayette, LA Metro Area",24781,17388,42807,25419,7254,4418,2836,1663,2715,7107,4392,-1095,739,-1834
310M300US29200,29200,"Lafayette-West Lafayette, IN Metro Area",14881,7633,16240,8607,7505,9788,-2283,2374,1285,2693,1408,1188,1729,-541
310M300US29340,29340,"Lake Charles, LA Metro Area",7854,5007,17386,12379,3119,1164,1955,1988,782,2841,2059,1302,189,1113
310M300US29420,29420,"Lake Havasu City-Kingman, AZ Metro Area",5064,-5070,11655,16725,9221,-368,9589,1084,-1222,1879,3101,1932,-67,1999
310M300US29460,29460,"Lakeland-Winter Haven, FL Metro Area",64054,7041,46080,39039,55293,16681,38612,16724,892,7678,6786,15061,2909,12152
310M300US29540,29540,"Lancaster, PA Metro Area",19052,14720,44405,29685,3922,8265,-4343,2151,2150,7185,5035,65,1475,-1410
310M300US29620,29620,"Lansing-East Lansing, MI Metro Area",11067,10348,32840,22492,930,13096,-12166,3305,1540,5287,3747,2038,2244,-206
310M300US29700,29700,"Laredo, TX Metro Area",20889,26146,34078,7932,-5109,4497,-9606,2264,4045,5387,1342,-1698,941,-2639
310M300US29740,29740,"Las Cruces, NM Metro Area",4972,9659,19011,9352,-4971,512,-5483,640,1287,2854,1567,-720,121,-841
310M300US29820,29820,"Las Vegas-Henderson-Paradise, NV Metro Area",204395,74856,166704,91848,125572,37716,87856,46375,10851,27352,16501,34301,6566,27735
310M300US29940,29940,"Lawrence, KS Metro Area",8614,3671,7675,4004,4926,3780,1146,1525,569,1224,655,944,641,303
310M300US30020,30020,"Lawton, OK Metro Area",-2214,5994,12725,6731,-8223,3215,-11438,-2091,753,1908,1155,-2799,344,-3143
310M300US30140,30140,"Lebanon, PA Metro Area",5286,1386,10218,8832,3836,3513,323,1134,145,1623,1478,942,663,279
310M300US30300,30300,"Lewiston, ID-WA Metro Area",1785,-53,4504,4557,1886,156,1730,440,4,724,720,460,29,431
310M300US30340,30340,"Lewiston-Auburn, ME Metro Area",-383,1554,8025,6471,-1869,874,-2743,74,163,1215,1052,-30,168,-198
310M300US30460,30460,"Lexington-Fayette, KY Metro Area",34649,16163,39374,23211,18594,8656,9938,6088,2525,6350,3825,3680,1575,2105
310M300US30620,30620,"Lima, OH Metro Area",-2584,1232,7975,6743,-3736,271,-4007,-468,167,1252,1085,-567,33,-600
310M300US30700,30700,"Lincoln, NE Metro Area",24764,13266,26668,13402,11157,6248,4909,4094,2062,4264,2202,1984,1097,887
310M300US30780,30780,"Little Rock-North Little Rock-Conway, AR Metro Area",34803,21219,60932,39713,13771,6496,7275,3080,2951,9532,6581,369,1087,-718
310M300US30860,30860,"Logan, UT-ID Metro Area",10717,12457,16215,3758,-1852,1842,-3694,3066,1991,2578,587,1052,324,728
310M300US30980,30980,"Longview, TX Metro Area",3062,4970,18931,13961,-1926,1542,-3468,204,695,2975,2280,-502,293,-795
310M300US31020,31020,"Longview, WA Metro Area",2752,780,7423,6643,1827,258,1569,1782,101,1195,1094,1643,47,1596
310M300US31080,31080,"Los Angeles-Long Beach-Anaheim, CA Metro Area",481486,554435,1048792,494357,-57111,315879,-372990,41619,79904,166913,87009,-33223,54354,-87577
310M300US31140,31140,"Louisville/Jefferson County, KY-IN Metro Area",47720,25013,98738,73725,24120,15645,8475,5847,3740,15821,12081,2695,2762,-67
310M300US31180,31180,"Lubbock, TX Metro Area",23972,11276,26506,15230,12221,2501,9720,4152,1771,4408,2637,2287,444,1843
310M300US31340,31340,"Lynchburg, VA Metro Area",7573,1645,17623,15978,5733,2030,3703,854,170,2785,2615,684,347,337
310M300US31420,31420,"Macon-Bibb County, GA Metro Area",-3111,4083,18957,14874,-7364,1416,-8780,-727,358,2931,2573,-1066,249,-1315
310M300US31460,31460,"Madera, CA Metro Area",3854,7929,14523,6594,-3876,703,-4579,391,1210,2276,1066,-807,189,-996
310M300US31540,31540,"Madison, WI Metro Area",43492,20339,46387,26048,22265,10830,11435,8315,3213,7486,4273,5065,1935,3130
310M300US31700,31700,"Manchester-Nashua, NH Metro Area",7041,7715,26808,19093,-457,6348,-6805,1746,879,4146,3267,998,1095,-97
310M300US31740,31740,"Manhattan, KS Metro Area",4269,5894,9018,3124,-1806,4655,-6461,-1502,877,1414,537,-2374,602,-2976
310M300US31860,31860,"Mankato-North Mankato, MN Metro Area",3276,2813,7055,4242,423,865,-442,838,405,1102,697,417,155,262
310M300US31900,31900,"Mansfield, OH Metro Area",-3368,137,8612,8475,-3411,202,-3613,-474,-29,1319,1348,-366,36,-402
310M300US32580,32580,"McAllen-Edinburg-Mission, TX Metro Area",75073,76360,101020,24660,-2201,9548,-11749,10529,11749,16144,4395,-1396,2061,-3457
310M300US32780,32780,"Medford, OR Metro Area",13321,488,14480,13992,12380,228,12152,2993,56,2314,2258,2870,37,2833
310M300US32820,32820,"Memphis, TN-MS-AR Metro Area",18018,46840,117652,70812,-28125,8729,-36854,888,6405,18535,12130,-5098,1404,-6502
310M300US32900,32900,"Merced, CA Metro Area",12874,16273,26416,10143,-3129,1574,-4703,1571,2458,4188,1730,-856,289,-1145
310M300US33100,33100,"Miami-Fort Lauderdale-West Palm Beach, FL Metro Area",500089,120947,419349,298402,374706,381468,-6762,64670,16162,68638,52476,48387,65117,-16730
310M300US33140,33140,"Michigan City-La Porte, IN Metro Area",-1452,998,8207,7209,-2294,154,-2448,-747,98,1293,1195,-806,24,-830
310M300US33220,33220,"Midland, MI Metro Area",-167,993,5399,4406,-1133,950,-2083,-156,149,883,734,-271,165,-436
310M300US33260,33260,"Midland, TX Metro Area",26617,10410,17181,6771,16066,1300,14766,1293,2014,3144,1130,-730,267,-997
310M300US33340,33340,"Milwaukee-Waukesha-West Allis, WI Metro Area",16528,42543,124626,82083,-24889,17750,-42639,-1867,6163,19589,13426,-8184,3220,-11404
310M300US33460,33460,"Minneapolis-St. Paul-Bloomington, MN-WI Metro Area",202177,147515,285404,137889,57080,65095,-8015,32784,22622,45944,23322,11409,11004,405
310M300US33540,33540,"Missoula, MT Metro Area",6831,2563,7706,5143,4182,562,3620,2148,378,1234,856,1758,85,1673
310M300US33660,33660,"Mobile, AL Metro Area",1693,8353,34956,26603,-6253,3188,-9441,202,1082,5596,4514,-654,484,-1138
310M300US33700,33700,"Modesto, CA Metro Area",27109,23006,47899,24893,4109,4977,-868,6175,3427,7708,4281,2880,868,2012
310M300US33740,33740,"Monroe, LA Metro Area",2965,4984,16017,11033,-1936,695,-2631,7,681,2558,1877,-569,107,-676
310M300US33780,33780,"Monroe, MI Metro Area",-2813,800,9565,8765,-3630,476,-4106,-286,36,1456,1420,-251,87,-338
310M300US33860,33860,"Montgomery, AL Metro Area",-619,8784,30476,21692,-9451,2937,-12388,359,1295,4902,3607,-949,433,-1382
310M300US34060,34060,"Morgantown, WV Metro Area",8671,2849,9130,6281,5936,2334,3602,645,530,1582,1052,177,426,-249
310M300US34100,34100,"Morristown, TN Metro Area",3127,15,8163,8148,3003,789,2214,618,-55,1308,1363,659,163,496
310M300US34580,34580,"Mount Vernon-Anacortes, WA Metro Area",6780,1952,9048,7096,4506,701,3805,1957,218,1447,1229,1579,141,1438
310M300US34620,34620,"Muncie, IN Metro Area",-2068,289,7785,7496,-2218,992,-3210,-416,17,1215,1198,-365,175,-540
310M300US34740,34740,"Muskegon, MI Metro Area",1220,2713,13168,10455,-1520,511,-2031,711,325,2059,1734,449,94,355
310M300US34820,34820,"Myrtle Beach-Conway-North Myrtle Beach, SC-NC Metro Area",72573,-381,25821,26202,70028,2355,67673,16802,-488,4214,4702,15308,427,14881
310M300US34900,34900,"Napa, CA Metro Area",5636,1756,9282,7526,3728,2159,1569,312,187,1483,1296,75,373,-298
310M300US34940,34940,"Naples-Immokalee-Marco Island, FL Metro Area",43616,955,20150,19195,41092,12336,28756,8566,-220,3270,3490,7434,2142,5292
310M300US34980,34980,"Nashville-Davidson--Murfreesboro--Franklin, TN Metro Area",194415,61827,146379,84552,130138,25807,104331,36337,10101,24679,14578,25358,4589,20769
310M300US35100,35100,"New Bern, NC Metro Area",-684,2845,10912,8067,-3892,2710,-6602,-100,277,1614,1337,-385,309,-694
310M300US35300,35300,"New Haven-Milford, CT Metro Area",-5587,8187,56078,47891,-12690,23679,-36369,-2198,857,8781,7924,-2709,4100,-6809
310M300US35380,35380,"New Orleans-Metairie, LA Metro Area",79023,31410,99122,67712,46690,19273,27417,6812,4766,16396,11630,2328,3207,-879
310M300US35620,35620,"New York-Newark-Jersey City, NY-NJ-PA Metro Area",587163,671717,1564247,892530,-53912,848704,-902616,35571,94720,247502,152782,-56265,143731,-199996
310M300US35660,35660,"Niles-Benton Harbor, MI Metro Area",-2807,1043,11516,10473,-3714,2345,-6059,-619,124,1786,1662,-646,431,-1077
310M300US35840,35840,"North Port-Sarasota-Bradenton, FL Metro Area",86189,-15922,39545,55467,98328,12444,85884,20444,-3227,6545,9772,21138,2225,18913
310M300US35980,35980,"Norwich-New London, CT Metro Area",-4248,2359,17033,14674,-6043,6691,-12734,-838,211,2676,2465,-852,992,-1844
310M300US36100,36100,"Ocala, FL Metro Area",17717,-7670,21139,28809,24049,3546,20503,5506,-1315,3509,4824,6296,628,5668
310M300US36140,36140,"Ocean City, NJ Metro Area",-2835,-2375,5772,8147,-223,1462,-1685,-413,-367,941,1308,30,229,-199
310M300US36220,36220,"Odessa, TX Metro Area",20326,10344,17706,7362,9866,850,9016,-2227,1898,3145,1247,-4125,206,-4331
310M300US36260,36260,"Ogden-Clearfield, UT Metro Area",57258,45374,67422,22048,11989,4284,7705,12107,7153,10799,3646,5155,705,4450
310M300US36420,36420,"Oklahoma City, OK Metro Area",120220,48445,118701,70256,70628,18645,51983,16246,7653,19211,11558,8745,3313,5432
310M300US36500,36500,"Olympia-Tumwater, WA Metro Area",22964,6817,19467,12650,15858,4316,11542,6039,1000,3172,2172,4725,665,4060
310M300US36540,36540,"Omaha-Council Bluffs, NE-IA Metro Area",58773,42338,83067,40729,17519,12280,5239,9861,6794,13466,6672,3198,2071,1127
310M300US36740,36740,"Orlando-Kissimmee-Sanford, FL Metro Area",306858,71405,171495,100090,231465,99877,131588,59125,10798,28849,18051,46922,17481,29441
310M300US36780,36780,"Oshkosh-Neenah, WI Metro Area",2892,2788,11721,8933,38,729,-691,321,384,1833,1449,3,134,-131
310M300US36980,36980,"Owensboro, KY Metro Area",3205,2223,9759,7536,1020,402,618,420,345,1583,1238,146,75,71
310M300US37100,37100,"Oxnard-Thousand Oaks-Ventura, CA Metro Area",26351,32210,66011,33801,-6044,8141,-14185,2019,4352,10348,5996,-2242,1468,-3710
310M300US37340,37340,"Palm Bay-Melbourne-Titusville, FL Metro Area",35752,-8879,32066,40945,42960,7697,35263,11196,-1723,5317,7040,12128,1305,10823
310M300US37460,37460,"Panama City, FL Metro Area",15249,2822,14923,12101,11819,2421,9398,2143,381,2462,2081,1718,365,1353
310M300US37620,37620,"Parkersburg-Vienna, WV Metro Area",-1224,-386,6521,6907,-651,45,-696,-645,-59,1050,1109,-532,8,-540
310M300US37860,37860,"Pensacola-Ferry Pass-Brent, FL Metro Area",36693,7545,35668,28123,28331,6867,21464,7598,807,5730,4923,6575,852,5723
310M300US37900,37900,"Peoria, IL Metro Area",-2940,6968,30509,23541,-9619,2839,-12458,-1706,947,4806,3859,-2603,497,-3100
310M300US37980,37980,"Philadelphia-Camden-Wilmington, PA-NJ-DE-MD Metro Area",104838,115420,450964,335544,-4729,123139,-127868,8197,14723,71339,56616,-4563,21482,-26045
310M300US38060,38060,"Phoenix-Mesa-Scottsdale, AZ Metro Area",468410,181548,371027,189479,276953,61506,215447,93680,26950,60616,33666,62725,11291,51434
310M300US38220,38220,"Pine Bluff, AR Metro Area",-8296,550,7175,6625,-8901,128,-9029,-1942,9,1089,1080,-2035,27,-2062
310M300US38300,38300,"Pittsburgh, PA Metro Area",-13992,-20597,149579,170176,10846,22588,-11742,-8972,-4187,23738,27925,-3629,4023,-7652
310M300US38340,38340,"Pittsfield, MA Metro Area",-4369,-2166,6891,9057,-1956,1419,-3375,-768,-421,1046,1467,-230,258,-488
310M300US38540,38540,"Pocatello, ID Metro Area",1538,4058,8202,4144,-2486,777,-3263,466,610,1263,653,-130,150,-280
310M300US38860,38860,"Portland-South Portland, ME Metro Area",15554,1909,31264,29355,13214,5594,7620,2862,48,5070,5022,2986,1019,1967
310M300US38900,38900,"Portland-Vancouver-Hillsboro, OR-WA Metro Area",198943,71420,174263,102843,124705,30421,94284,40148,10556,28374,17818,29392,5335,24057
310M300US38940,38940,"Port St. Lucie, FL Metro Area",41101,-3347,26389,29736,42547,5869,36678,11097,-890,4357,5247,10724,965,9759
310M300US39140,39140,"Prescott, AZ Metro Area",14547,-5486,11670,17156,19101,451,18650,3978,-942,1944,2886,4417,80,4337
310M300US39300,39300,"Providence-Warwick, RI-MA Metro Area",13550,11513,103653,92140,3811,32600,-28789,2176,1348,16395,15047,1575,5498,-3923
310M300US39340,39340,"Provo-Orem, UT Metro Area",76423,62688,76275,13587,13411,5017,8394,17947,10004,12347,2343,7765,872,6893
310M300US39380,39380,"Pueblo, CO Metro Area",6060,1470,11877,10407,4322,397,3925,2006,161,1926,1765,1773,69,1704
310M300US39460,39460,"Punta Gorda, FL Metro Area",18497,-8668,6366,15034,26312,2029,24283,5271,-1614,1044,2658,6154,354,5800
310M300US39540,39540,"Racine, WI Metro Area",-288,4310,14992,10682,-4386,817,-5203,223,677,2353,1676,-327,152,-479
310M300US39580,39580,"Raleigh, NC Metro Area",172467,55194,96929,41735,114418,23662,90756,31565,8414,15893,7479,22607,4097,18510
310M300US39660,39660,"Rapid City, SD Metro Area",11049,5250,12022,6772,5674,1042,4632,1602,703,1866,1163,848,128,720
310M300US39740,39740,"Reading, PA Metro Area",3240,7160,30533,23373,-3275,8085,-11360,177,1058,4879,3821,-698,1448,-2146
310M300US39820,39820,"Redding, CA Metro Area",2408,1,13102,13101,2055,1213,842,330,-155,2072,2227,483,217,266
310M300US39900,39900,"Reno, NV Metro Area",32230,11219,33787,22568,20185,3607,16578,8240,1666,5501,3835,6366,630,5736
310M300US40060,40060,"Richmond, VA Metro Area",73612,29838,93029,63191,42927,21538,21389,11294,4460,15126,10666,6794,3490,3304
310M300US40140,40140,"Riverside-San Bernardino-Ontario, CA Metro Area",302872,205740,382981,177241,93298,33845,59453,52400,30430,62028,31598,21193,5889,15304
310M300US40220,40220,"Roanoke, VA Metro Area",5033,-306,20788,21094,5218,5141,77,-391,-111,3381,3492,-153,874,-1027
310M300US40340,40340,"Rochester, MN Metro Area",9007,8737,18190,9453,94,3502,-3408,2177,1342,2913,1571,864,600,264
310M300US40380,40380,"Rochester, NY Metro Area",-814,13060,73193,60133,-13426,18770,-32196,-2401,1706,11555,9849,-3729,3220,-6949
310M300US40420,40420,"Rockford, IL Metro Area",-10055,6761,26286,19525,-16605,2366,-18971,-1282,1078,4179,3101,-2252,433,-2685
310M300US40580,40580,"Rocky Mount, NC Metro Area",-5060,789,10773,9984,-5927,348,-6275,-427,-30,1632,1662,-341,69,-410
310M300US40660,40660,"Rome, GA Metro Area",243,1005,7439,6434,-749,674,-1423,257,73,1170,1097,210,113,97
310M300US40900,40900,"Sacramento--Roseville--Arden-Arcade, CA Metro Area",147274,68976,172176,103200,76230,37485,38745,28830,9475,27776,18301,18731,6461,12270
310M300US40980,40980,"Saginaw, MI Metro Area",-7843,1397,14212,12815,-8997,1241,-10238,-964,86,2208,2122,-948,216,-1164
310M300US41060,41060,"St. Cloud, MN Metro Area",6551,7617,15667,8050,-941,2206,-3147,964,1217,2514,1297,-244,406,-650
310M300US41100,41100,"St. George, UT Metro Area",22130,6994,13981,6987,14471,134,14337,4795,1026,2232,1206,3285,18,3267
310M300US41140,41140,"St. Joseph, MO-KS Metro Area",-764,1467,9615,8148,-2138,1212,-3350,-143,250,1469,1219,-333,205,-538
310M300US41180,41180,"St. Louis, MO-IL Metro Area",19243,53414,212784,159370,-32609,25293,-57902,-1328,6633,33480,26847,-7403,4180,-11583
310M300US41420,41420,"Salem, OR Metro Area",27400,12178,32956,20778,14787,2149,12638,8762,1780,5332,3552,6746,421,6325
310M300US41500,41500,"Salinas, CA Metro Area",20177,26125,41336,15211,-5343,5096,-10439,3225,3822,6452,2630,-349,917,-1266
310M300US41540,41540,"Salisbury, MD-DE Metro Area",26436,721,26130,25409,24705,5413,19292,5679,-281,4229,4510,5295,878,4417
310M300US41620,41620,"Salt Lake City, UT Metro Area",98388,78874,118171,39297,21068,19062,2006,18686,12024,18728,6704,7092,3380,3712
310M300US41660,41660,"San Angelo, TX Metro Area",8120,3689,10060,6371,4466,1015,3451,455,679,1705,1026,-264,120,-384
310M300US41700,41700,"San Antonio-New Braunfels, TX Metro Area",287093,102292,202053,99761,180045,33534,146511,47906,16686,34143,17457,30601,5756,24845
310M300US41740,41740,"San Diego-Carlsbad, CA Metro Area",222407,147776,276631,128855,74361,89838,-15477,27504,22100,44652,22552,6147,14447,-8300
310M300US41860,41860,"San Francisco-Oakland-Hayward, CA Metro Area",343605,142355,326874,184519,207374,164527,42847,36939,21162,53569,32407,16625,28595,-11970
310M300US41940,41940,"San Jose-Sunnyvale-Santa Clara, CA Metro Area",141875,90391,153159,62768,54514,101547,-47033,10238,13283,24549,11266,-3084,17705,-20789
310M300US42020,42020,"San Luis Obispo-Paso Robles-Arroyo Grande, CA Metro Area",13288,2186,16554,14368,10644,1147,9497,1927,252,2666,2414,1595,220,1375
310M300US42100,42100,"Santa Cruz-Watsonville, CA Metro Area",12311,8188,19105,10917,4129,1703,2426,1046,1129,3006,1877,14,327,-313
310M300US42140,42140,"Santa Fe, NM Metro Area",4479,1616,8423,6807,2540,1386,1154,943,142,1280,1138,709,219,490
310M300US42200,42200,"Santa Maria-Santa Barbara, CA Metro Area",22231,17298,36061,18763,4970,8298,-3328,2355,2625,5841,3216,-112,1493,-1605
310M300US42220,42220,"Santa Rosa, CA Metro Area",19190,6957,32093,25136,11677,3100,8577,1596,725,5084,4359,890,592,298
310M300US42340,42340,"Savannah, GA Metro Area",36426,14099,32277,18178,21775,5744,16031,5195,2226,5361,3135,2922,889,2033
310M300US42540,42540,"Scranton--Wilkes-Barre--Hazleton, PA Metro Area",-8402,-8171,35238,43409,717,8077,-7360,-2518,-1399,5572,6971,-806,1441,-2247
310M300US42660,42660,"Seattle-Tacoma-Bellevue, WA Metro Area",359094,138356,286468,148112,219950,114434,105516,71805,21323,47412,26089,50378,19606,30772
310M300US42680,42680,"Sebastian-Vero Beach, FL Metro Area",13535,-3818,7902,11720,16530,1641,14889,3771,-766,1284,2050,3828,298,3530
310M300US42700,42700,"Sebring, FL Metro Area",2131,-3443,5670,9113,5346,1498,3848,1470,-554,931,1485,1823,284,1539
310M300US43100,43100,"Sheboygan, WI Metro Area",-83,1191,7895,6704,-1359,714,-2073,-164,140,1226,1086,-258,131,-389
310M300US43300,43300,"Sherman-Denison, TX Metro Area",7371,997,9535,8538,6176,1002,5174,2698,180,1582,1402,2441,187,2254
310M300US43340,43340,"Shreveport-Bossier City, LA Metro Area",1956,11841,39952,28111,-9633,3274,-12907,-2365,1532,6139,4607,-3748,503,-4251
310M300US43420,43420,"Sierra Vista-Douglas, AZ Metro Area",-5586,2572,10347,7775,-8261,2068,-10329,-625,299,1582,1283,-882,281,-1163
310M300US43580,43580,"Sioux City, IA-NE-SD Metro Area",577,5857,15194,9337,-5000,1684,-6684,430,949,2403,1454,-472,293,-765
310M300US43620,43620,"Sioux Falls, SD Metro Area",27465,13304,23890,10586,13783,4400,9383,3840,2109,3899,1790,1733,757,976
310M300US43780,43780,"South Bend-Mishawaka, IN-MI Metro Area",1525,5988,24951,18963,-3943,3046,-6989,941,956,3969,3013,170,540,-370
310M300US43900,43900,"Spartanburg, SC Metro Area",15868,4111,24298,20187,11469,1301,10168,4273,554,3917,3363,3628,234,3394
310M300US44060,44060,"Spokane-Spokane Valley, WA Metro Area",28881,10667,40671,30004,17821,5427,12394,9242,1437,6550,5113,7648,914,6734
310M300US44100,44100,"Springfield, IL Metro Area",-155,2303,15146,12843,-2225,1515,-3740,-935,55,2311,2256,-962,258,-1220
310M300US44140,44140,"Springfield, MA Metro Area",8578,5414,40141,34727,3997,22314,-18317,156,595,6260,5665,-361,3886,-4247
310M300US44180,44180,"Springfield, MO Metro Area",22219,10066,35490,25424,11674,2118,9556,2602,1444,5765,4321,1174,380,794
310M300US44220,44220,"Springfield, OH Metro Area",-3547,-462,9962,10424,-2946,288,-3234,-1029,-110,1566,1676,-823,44,-867
310M300US44300,44300,"State College, PA Metro Area",7437,2225,8165,5940,5400,6671,-1271,973,296,1335,1039,765,1195,-430
310M300US44420,44420,"Staunton-Waynesboro, VA Metro Area",2745,-62,7929,7991,2565,618,1947,784,56,1350,1294,756,124,632
310M300US44700,44700,"Stockton-Lodi, CA Metro Area",48401,30695,63542,32847,16893,7924,8969,10213,4538,10239,5701,5580,1424,4156
310M300US44940,44940,"Sumter, SC Metro Area",-67,2959,9384,6425,-3103,1054,-4157,14,391,1446,1055,-364,133,-497
310M300US45060,45060,"Syracuse, NY Metro Area",-6115,9058,45538,36480,-14296,12005,-26301,-3498,1179,7091,5912,-4451,2061,-6512
310M300US45220,45220,"Tallahassee, FL Metro Area",10857,9036,25307,16271,1494,4971,-3477,1821,1342,4058,2716,384,846,-462
310M300US45300,45300,"Tampa-St. Petersburg-Clearwater, FL Metro Area",248657,10936,196969,186033,230607,67450,163157,61085,84,32592,32508,58224,11531,46693
310M300US45460,45460,"Terre Haute, IN Metro Area",-1735,751,12513,11762,-2702,1106,-3808,-67,130,1984,1854,-382,186,-568
310M300US45500,45500,"Texarkana, TX-AR Metro Area",903,2346,12271,9925,-1285,390,-1675,251,272,1945,1673,59,79,-20
310M300US45540,45540,"The Villages, FL Metro Area",30576,-6079,2925,9004,35174,282,34892,5114,-1241,501,1742,4928,55,4873
310M300US45780,45780,"Toledo, OH Metro Area",-4780,10660,47016,36356,-15359,3867,-19226,-358,1465,7478,6013,-1583,666,-2249
310M300US45820,45820,"Topeka, KS Metro Area",-800,4305,18693,14388,-4945,1032,-5977,-504,525,2864,2339,-932,173,-1105
310M300US45940,45940,"Trenton, NJ Metro Area",3506,8384,26395,18011,-4487,15250,-19737,-176,1219,4193,2974,-1394,2572,-3966
310M300US46060,46060,"Tucson, AZ Metro Area",35943,18231,74431,56200,16140,12768,3372,8001,1983,11778,9795,4820,2252,2568
310M300US46140,46140,"Tulsa, OK Metro Area",49670,26072,83292,57220,23139,8165,14974,6742,3714,13409,9695,3132,1509,1623
310M300US46220,46220,"Tuscaloosa, AL Metro Area",11215,4800,17976,13176,6321,1859,4462,1155,693,2962,2269,491,338,153
310M300US46340,46340,"Tyler, TX Metro Area",15569,6621,19123,12502,8634,1669,6965,2812,1051,3146,2095,1713,325,1388
310M300US46520,46520,"Urban Honolulu, HI Metro Area",39398,37177,84327,47150,3708,37541,-33833,-561,4879,13231,8352,-5156,5571,-10727
310M300US46540,46540,"Utica-Rome, NY Metro Area",-5554,421,20241,19820,-5518,4847,-10365,-1146,-109,3077,3186,-936,823,-1759
310M300US46660,46660,"Valdosta, GA Metro Area",5013,5705,12787,7082,-1023,1961,-2984,930,752,1966,1214,167,284,-117
310M300US46700,46700,"Vallejo-Fairfield, CA Metro Area",26863,13114,32406,19292,13319,7278,6041,5886,1830,5302,3472,3921,1137,2784
310M300US47020,47020,"Victoria, TX Metro Area",5981,3263,8589,5326,2770,515,2255,221,509,1416,907,-255,91,-346
310M300US47220,47220,"Vineland-Bridgeton, NJ Metro Area",-2831,4070,13133,9063,-6636,2747,-9383,-1444,610,2053,1443,-2034,477,-2511
310M300US47260,47260,"Virginia Beach-Norfolk-Newport News, VA-NC Metro Area",50090,57859,141554,83695,-7982,33558,-41540,3439,8250,22644,14394,-4850,4650,-9500
310M300US47300,47300,"Visalia-Porterville, CA Metro Area",18255,30499,48587,18088,-11659,807,-12466,2199,4456,7575,3119,-2069,262,-2331
310M300US47380,47380,"Waco, TX Metro Area",12438,9191,23158,13967,3292,1524,1768,2846,1498,3801,2303,1317,296,1021
310M300US47460,47460,"Walla Walla, WA Metro Area",1419,640,4441,3801,685,305,380,191,57,707,650,105,58,47
310M300US47580,47580,"Warner Robins, GA Metro Area",10423,6359,15169,8810,3747,2449,1298,2038,777,2368,1591,1268,350,918
310M300US47900,47900,"Washington-Arlington-Alexandria, DC-VA-MD-WV Metro Area",495561,297395,504490,207095,199276,245540,-46264,53508,43886,80905,37019,9571,40581,-31010
310M300US47940,47940,"Waterloo-Cedar Falls, IA Metro Area",2196,3698,13171,9473,-1230,1754,-2984,-676,627,2164,1537,-1224,338,-1562
310M300US48060,48060,"Watertown-Fort Drum, NY Metro Area",-2226,7675,13291,5616,-10127,3714,-13841,-3254,1055,2000,945,-4329,345,-4674
310M300US48140,48140,"Wausau, WI Metro Area",1540,2945,10060,7115,-1524,511,-2035,-179,441,1582,1141,-537,92,-629
310M300US48260,48260,"Weirton-Steubenville, WV-OH Metro Area",-5184,-3479,7093,10572,-1487,155,-1642,-1248,-569,1147,1716,-640,36,-676
310M300US48300,48300,"Wenatchee, WA Metro Area",6770,3066,9154,6088,3607,562,3045,1658,490,1474,984,1140,126,1014
310M300US48540,48540,"Wheeling, WV-OH Metro Area",-4969,-2438,9283,11721,-2088,190,-2278,-1076,-375,1469,1844,-596,34,-630
310M300US48620,48620,"Wichita, KS Metro Area",13753,22352,57142,34790,-8444,6942,-15386,1656,3034,8773,5739,-1047,1202,-2249
310M300US48660,48660,"Wichita Falls, TX Metro Area",-742,2714,12106,9392,-3525,3184,-6709,177,356,1884,1528,-162,446,-608
310M300US48700,48700,"Williamsport, PA Metro Area",-860,135,8073,7938,-905,397,-1302,-581,-38,1298,1336,-541,71,-612
310M300US48900,48900,"Wilmington, NC Metro Area",27690,3805,17908,14103,23067,1631,21436,5025,493,2964,2471,4379,270,4109
310M300US49020,49020,"Winchester, VA-WV Metro Area",6758,2500,9667,7167,4088,768,3320,1372,372,1540,1168,821,138,683
310M300US49180,49180,"Winston-Salem, NC Metro Area",21499,7972,46502,38530,13219,4285,8934,4233,846,7317,6471,3639,709,2930
310M300US49340,49340,"Worcester, MA-CT Metro Area",18959,12892,61409,48517,7071,23630,-16559,1548,1501,9684,8183,488,4094,-3606
310M300US49420,49420,"Yakima, WA Metro Area",6399,14111,25949,11838,-7609,-240,-7369,1521,2080,4113,2033,-496,9,-505
310M300US49620,49620,"York-Hanover, PA Metro Area",8746,6590,30522,23932,2896,4096,-1200,1815,875,4872,3997,1265,733,532
310M300US49660,49660,"Youngstown-Warren-Boardman, OH-PA Metro Area",-21053,-8094,35091,43185,-11803,2021,-13824,-4644,-1376,5578,6954,-2877,360,-3237
310M300US49700,49700,"Yuba City, CA Metro Area",5035,7472,15723,8251,-2518,3176,-5694,1649,1143,2502,1359,527,518,9
310M300US49740,49740,"Yuma, AZ Metro Area",9881,10688,19474,8786,-1690,3155,-4845,1925,1435,2997,1562,187,569,-382
